{
    "locations": [
        {
            "name": "University of Warwick - Piazza",
            "coordinate": [
                52.3793,
                -1.5615
	    ],
            "width": [
                360
            ],
            "resolution": [
                -57521.53595139113,
                111320
            ],
            "elevation": [
                [
                    86.4749755859375,
                    86.48262023925781,
                    86.48548126220703,
                    86.48458862304688,
                    86.48369598388672,
                    86.48280334472656,
                    86.4819107055664,
                    86.47782135009766,
                    86.4718017578125,
                    86.46577453613281,
                    86.45975494384766,
                    86.4537353515625
                ],
                [
                    86.46232604980469,
                    86.4691162109375,
                    86.47175598144531,
                    86.47113800048828,
                    86.47051239013672,
                    86.46988677978516,
                    86.46926879882812,
                    86.4660873413086,
                    86.46135711669922,
                    86.45662689208984,
                    86.45189666748047,
                    86.44717407226562
                ],
                [
                    86.44966888427734,
                    86.45561218261719,
                    86.4580307006836,
                    86.45767974853516,
                    86.45732879638672,
                    86.45697784423828,
                    86.45662689208984,
                    86.45435333251953,
                    86.45092010498047,
                    86.44747924804688,
                    86.44404602050781,
                    86.44060516357422
                ],
                [
                    86.43701934814453,
                    86.44210815429688,
                    86.44430541992188,
                    86.44422912597656,
                    86.44414520263672,
                    86.4440689086914,
                    86.44398498535156,
                    86.44261932373047,
                    86.44047546386719,
                    86.4383316040039,
                    86.43618774414062,
                    86.43404388427734
                ],
                [
                    86.42436218261719,
                    86.42860412597656,
                    86.43058013916016,
                    86.43077087402344,
                    86.43096160888672,
                    86.43115234375,
                    86.43134307861328,
                    86.4308853149414,
                    86.43003845214844,
                    86.42918395996094,
                    86.42832946777344,
                    86.42748260498047
                ],
                [
                    86.41415405273438,
                    86.41741180419922,
                    86.4175796508789,
                    86.41532897949219,
                    86.41307067871094,
                    86.41082000732422,
                    86.40856170654297,
                    86.4050521850586,
                    86.40079498291016,
                    86.39653015136719,
                    86.39226531982422,
                    86.38800048828125
                ],
                [
                    86.40400695800781,
                    86.40628051757812,
                    86.40460968017578,
                    86.39982604980469,
                    86.3950424194336,
                    86.39026641845703,
                    86.38548278808594,
                    86.37881469726562,
                    86.37100982666016,
                    86.36319732666016,
                    86.35538482666016,
                    86.34757232666016
                ],
                [
                    86.39386749267578,
                    86.39515686035156,
                    86.39163208007812,
                    86.38432312011719,
                    86.37702178955078,
                    86.36971282958984,
                    86.36241149902344,
                    86.35257720947266,
                    86.34122467041016,
                    86.32986450195312,
                    86.31851196289062,
                    86.3071517944336
                ],
                [
                    86.38372039794922,
                    86.38402557373047,
                    86.37865447998047,
                    86.36882781982422,
                    86.35899353027344,
                    86.34915924072266,
                    86.3393325805664,
                    86.32633972167969,
                    86.31143951416016,
                    86.2965316772461,
                    86.28163146972656,
                    86.2667236328125
                ],
                [
                    86.37358093261719,
                    86.3729019165039,
                    86.36568450927734,
                    86.35332489013672,
                    86.3409652709961,
                    86.32861328125,
                    86.31625366210938,
                    86.30010223388672,
                    86.28165435791016,
                    86.26319885253906,
                    86.2447509765625,
                    86.22630310058594
                ],
                [
                    86.36343383789062,
                    86.36177062988281,
                    86.35270690917969,
                    86.33782196044922,
                    86.32294464111328,
                    86.30805969238281,
                    86.29317474365234,
                    86.27386474609375,
                    86.25186920166016,
                    86.22987365722656,
                    86.20787811279297,
                    86.18587493896484
                ],
                [
                    86.3532943725586,
                    86.35063934326172,
                    86.33972930908203,
                    86.32232666015625,
                    86.30491638183594,
                    86.28750610351562,
                    86.27010345458984,
                    86.24762725830078,
                    86.22208404541016,
                    86.19654083251953,
                    86.1709976196289,
                    86.14545440673828
                ]
            ]
        },
        {
            "name": "Walsall, WS3 1AA",
            "coordinate": [
                52.5861,
                -1.9814
            ],
            "width": [
                360
            ],
            "resolution": [
                -75865.0846750583,
                111320
            ],